{"goal_relevance": {"5": 0.15068150048377746, "1": 0.1679962787919798, "4": 0.18621061217679447, "3": 0.2242079614296004, "2": 0.270903647117848}, "self_responsblt": {"1": 0.08131734648481562, "5": 0.13088151009629656, "4": 0.2065184167808419, "3": 0.2756181516961708, "2": 0.30566457494187504}, "other_responsblt": {"5": 0.0925629128696397, "1": 0.10902166789357261, "4": 0.17182337119513957, "3": 0.2982796568564273, "2": 0.32831239118522093}, "chance_responsblt": {"1": 0.05761909786751886, "4": 0.21635041908965147, "5": 0.21989714727144904, "2": 0.24567263706150902, "3": 0.2604606987098717}, "goal_support": {"1": 0.08949556413911484, "5": 0.18525686205693087, "4": 0.21339399298762066, "3": 0.24276013881160513, "2": 0.2690934420047284}, "predict_conseq": {"4": 0.15435843507938923, "1": 0.17776461998240856, "3": 0.19517355991539748, "5": 0.21610180911114488, "2": 0.2566015759116599}, "urgency": {"5": 0.14235954693070418, "4": 0.1728451866467096, "1": 0.1902231351420004, "3": 0.22049674186259444, "2": 0.27407538941799126}, "self_control": {"1": 0.11229732141871046, "4": 0.203530509668081, "2": 0.20699275406097664, "3": 0.2150947431719492, "5": 0.2620846716802827}, "other_control": {"5": 0.10417193679316239, "4": 0.13516675601507164, "1": 0.16231441314283443, "3": 0.24372926163987516, "2": 0.3546176324090563}, "chance_control": {"1": 0.05532474739048452, "2": 0.20180765548129048, "5": 0.22655436280283042, "3": 0.2447294329530575, "4": 0.2715838013723371}, "accept_conseq": {"5": 0.16917452358837035, "3": 0.17341203573990951, "4": 0.18967512444470608, "1": 0.2022490933685686, "2": 0.2654892228584455}, "social_norms": {"1": 0.02789580603756489, "2": 0.22799595477213888, "5": 0.237189340045209, "4": 0.24509565138004927, "3": 0.26182324776503785}, "standards": {"1": 0.06186831389854011, "5": 0.1708373793329035, "4": 0.2101801452070961, "3": 0.2671641531414365, "2": 0.28995000842002383}, "attention": {"5": 0.0851414589636654, "4": 0.11653867727324274, "3": 0.17815850288146987, "2": 0.29326502531929194, "1": 0.32689633556233}, "effort": {"5": 0.1313088728169119, "4": 0.1877437500701379, "1": 0.21950139933573334, "3": 0.22424285268860178, "2": 0.2372031250886151}}